n_train,width,lr,weight_decay,x_low,x_high,time_pressure,loss_low,loss_high
8192,32,0.003,0.0,32.0,96.0,0.3366962047200727,0.7050879435221354,0.33518935546875
8192,32,0.003,1e-06,32.0,96.0,0.3366962047200727,0.7050879435221354,0.33518935546875
8192,32,0.003,3e-06,32.0,96.0,0.3366962047200727,0.7050879435221354,0.33518935546875
8192,32,0.003,1e-05,32.0,96.0,0.33669694177087867,0.7050892496744791,0.3351898518880208
8192,32,0.003,3e-05,32.0,96.0,0.336697232517051,0.705089725748698,0.3351900085449219
8192,32,0.003,0.0001,32.0,96.0,0.3366980029018131,0.7050925699869791,0.3351920064290364
8192,32,0.003,0.0003,32.0,96.0,0.33670264372925024,0.7051016479492187,0.33519598592122396
8192,32,0.003,0.001,32.0,96.0,0.33671766623211163,0.7051324869791666,0.3352103210449218
8192,32,0.003,0.003,32.0,96.0,0.33677012832328007,0.7052175048828125,0.3352377034505209
8192,32,0.003,0.01,32.0,96.0,0.33700547531244807,0.705524462890625,0.3352861063639323
8192,32,0.003,0.03,32.0,96.0,0.33746864877992133,0.7064174682617188,0.33567026367187497
8192,45,0.003,0.0,32.0,96.0,0.2626722718606344,0.5891002482096354,0.3005252624511719
8192,45,0.003,1e-06,32.0,96.0,0.2626722718606344,0.5891002482096354,0.3005252624511719
8192,45,0.003,3e-06,32.0,96.0,0.2626722718606344,0.5891002482096354,0.3005252624511719
8192,45,0.003,1e-05,32.0,96.0,0.26267285890863834,0.5891012491861979,0.3005256184895833
8192,45,0.003,3e-05,32.0,96.0,0.26267303483785076,0.5891015787760416,0.30052575480143234
8192,45,0.003,0.0001,32.0,96.0,0.26267435152911495,0.5891037516276042,0.3005264811197917
8192,45,0.003,0.0003,32.0,96.0,0.26267825345385953,0.5891106038411458,0.3005290466308594
8192,45,0.003,0.001,32.0,96.0,0.26267888865091105,0.5891229085286458,0.3005406534830729
8192,45,0.003,0.003,32.0,96.0,0.262732565579589,0.5891951619466146,0.30055393676757813
8192,45,0.003,0.01,32.0,96.0,0.262863595805175,0.5894402872721355,0.30065511067708334
8192,45,0.003,0.03,32.0,96.0,0.26322543034247337,0.5901244099934896,0.3009417175292969
8192,64,0.003,0.0,32.0,96.0,0.20213801693113936,0.5016095540364583,0.27953824462890625
8192,64,0.003,1e-06,32.0,96.0,0.20213801693113936,0.5016095540364583,0.27953824462890625
8192,64,0.003,3e-06,32.0,96.0,0.20213801693113936,0.5016095540364583,0.27953824462890625
8192,64,0.003,1e-05,32.0,96.0,0.20213846416171644,0.5016102355957032,0.27953843485514324
8192,64,0.003,3e-05,32.0,96.0,0.20213578448202707,0.5016106730143229,0.27954181620279944
8192,64,0.003,0.0001,32.0,96.0,0.20213668820261332,0.501612217203776,0.2795423675537109
8192,64,0.003,0.0003,32.0,96.0,0.20214212441527968,0.5016192260742187,0.27954340413411455
8192,64,0.003,0.001,32.0,96.0,0.20214993289448507,0.5016296162923176,0.2795452158610026
8192,64,0.003,0.003,32.0,96.0,0.20215269868689434,0.5016759785970052,0.27958853963216146
8192,64,0.003,0.01,32.0,96.0,0.20227271204000466,0.5018491007486979,0.27962981363932293
8192,64,0.003,0.03,32.0,96.0,0.20252159168938705,0.5023526000976563,0.27985989074707035
8192,91,0.003,0.0,32.0,96.0,0.16996531312710716,0.4525568990071615,0.2658309173583984
8192,91,0.003,1e-06,32.0,96.0,0.16996531312710716,0.4525568990071615,0.2658309173583984
8192,91,0.003,3e-06,32.0,96.0,0.16996531312710716,0.4525568990071615,0.2658309173583984
8192,91,0.003,1e-05,32.0,96.0,0.16996553072376466,0.4525573282877604,0.2658311075846354
8192,91,0.003,3e-05,32.0,96.0,0.1699656696152482,0.45255749918619786,0.26583112589518226
8192,91,0.003,0.0001,32.0,96.0,0.16996564368883796,0.45255852864583335,0.26583218383789065
8192,91,0.003,0.0003,32.0,96.0,0.16996810206809687,0.4525625549316406,0.26583350931803384
8192,91,0.003,0.001,32.0,96.0,0.16997855967086536,0.4525724426269531,0.2658319081624349
8192,91,0.003,0.003,32.0,96.0,0.16998651537504342,0.45260399780273436,0.2658547231038411
8192,91,0.003,0.01,32.0,96.0,0.17013013194686907,0.45274139404296876,0.2658343404134115
8192,91,0.003,0.03,32.0,96.0,0.17026015382028437,0.4530616027832031,0.2660117055257161
8192,128,0.003,0.0,32.0,96.0,0.1477016731404559,0.4109897908528646,0.24872291768391927
8192,128,0.003,1e-06,32.0,96.0,0.1477016731404559,0.4109897908528646,0.24872291768391927
8192,128,0.003,3e-06,32.0,96.0,0.1477016731404559,0.4109897908528646,0.24872291768391927
8192,128,0.003,1e-05,32.0,96.0,0.14769875734524449,0.41099006754557293,0.24872639770507812
8192,128,0.003,3e-05,32.0,96.0,0.14769886660654485,0.4109901652018229,0.24872637532552086
8192,128,0.003,0.0001,32.0,96.0,0.14769969347384365,0.41099075520833334,0.2487260569254557
8192,128,0.003,0.0003,32.0,96.0,0.14770949087909363,0.41099334716796876,0.24871788533528646
8192,128,0.003,0.001,32.0,96.0,0.14770440837673865,0.410999228922526,0.24872935078938804
8192,128,0.003,0.003,32.0,96.0,0.1477059435906036,0.4110185424804687,0.248746977742513
8192,128,0.003,0.01,32.0,96.0,0.14777410967884605,0.4110819498697917,0.2487354970296224
8192,128,0.003,0.03,32.0,96.0,0.14793980907061374,0.41128035278320313,0.248751860555013
8192,181,0.003,0.0,32.0,96.0,0.12021018919485957,0.3747510009765625,0.24268660990397137
8192,181,0.003,1e-06,32.0,96.0,0.12021018919485957,0.3747510009765625,0.24268660990397137
8192,181,0.003,3e-06,32.0,96.0,0.12021018919485957,0.3747510009765625,0.24268660990397137
8192,181,0.003,1e-05,32.0,96.0,0.12021073642730487,0.37475111694335944,0.24268612467447914
8192,181,0.003,3e-05,32.0,96.0,0.12021081513247878,0.37475116373697914,0.2426860850016276
8192,181,0.003,0.0001,32.0,96.0,0.12021393093142656,0.3747514078776042,0.2426829060872396
8192,181,0.003,0.0003,32.0,96.0,0.1202164541267111,0.37475222167968747,0.24268094787597658
8192,181,0.003,0.001,32.0,96.0,0.1202271645119797,0.3747552673339844,0.24267222696940105
8192,181,0.003,0.003,32.0,96.0,0.12024207775354062,0.37476009318033854,0.2426606689453125
8192,181,0.003,0.01,32.0,96.0,0.12026109662735544,0.37478938802083334,0.2426690694173177
8192,181,0.003,0.03,32.0,96.0,0.1204303997901498,0.37486807047526044,0.24256175333658855
8192,256,0.003,0.0,32.0,96.0,0.1022879775337293,0.35161077880859376,0.23923594970703124
8192,256,0.003,1e-06,32.0,96.0,0.1022879775337293,0.35161077880859376,0.23923594970703124
8192,256,0.003,3e-06,32.0,96.0,0.1022879775337293,0.35161077880859376,0.23923594970703124
8192,256,0.003,1e-05,32.0,96.0,0.10228814790728244,0.3516107869466146,0.23923577067057292
8192,256,0.003,3e-05,32.0,96.0,0.1022875321550387,0.3516107971191406,0.2392364573160807
8192,256,0.003,0.0001,32.0,96.0,0.10228654880333511,0.3516108154296875,0.2392375559488932
8192,256,0.003,0.0003,32.0,96.0,0.1022902877620724,0.35160927327473956,0.2392319061279297
8192,256,0.003,0.001,32.0,96.0,0.1022999175715989,0.35161017659505206,0.23922223002115883
8192,256,0.003,0.003,32.0,96.0,0.10229498784987591,0.3516139343261719,0.23923140360514325
8192,256,0.003,0.01,32.0,96.0,0.10236258355709252,0.3516176066080729,0.2391608144124349
8192,256,0.003,0.03,32.0,96.0,0.10257924316011978,0.35163649495442706,0.23894167785644535
11585,32,0.003,0.0,40.0,136.0,0.2356971785917355,0.5770995035807291,0.28865908711751304
11585,32,0.003,1e-06,40.0,136.0,0.2356971785917355,0.5770995035807291,0.28865908711751304
11585,32,0.003,3e-06,40.0,136.0,0.2356971785917355,0.5770995035807291,0.28865908711751304
11585,32,0.003,1e-05,40.0,136.0,0.23569768564889035,0.5771006469726562,0.28865960998535156
11585,32,0.003,3e-05,40.0,136.0,0.23569788597802865,0.5771010294596355,0.28865974731445315
11585,32,0.003,0.0001,40.0,136.0,0.23569912535871376,0.5771035563151042,0.28866075744628905
11585,32,0.003,0.0003,40.0,136.0,0.2357071867362347,0.577112060546875,0.2886593963623047
11585,32,0.003,0.001,40.0,136.0,0.2356997537770892,0.5771418416341145,0.2886982737223307
11585,32,0.003,0.003,40.0,136.0,0.23566942427805762,0.5772029174804687,0.28879646606445314
11585,32,0.003,0.01,40.0,136.0,0.23582372093903925,0.57748251953125,0.28888724365234375
11585,32,0.003,0.03,40.0,136.0,0.23617699513999904,0.5782963785807292,0.2892687744140625
11585,45,0.003,0.0,40.0,136.0,0.18788663643660755,0.48654566446940106,0.25661461486816406
11585,45,0.003,1e-06,40.0,136.0,0.18788663643660755,0.48654566446940106,0.25661461486816406
11585,45,0.003,3e-06,40.0,136.0,0.18788663643660755,0.48654566446940106,0.25661461486816406
11585,45,0.003,1e-05,40.0,136.0,0.18788702379502414,0.48654648030598957,0.2566149566650391
11585,45,0.003,3e-05,40.0,136.0,0.1878871642747933,0.4865467793782552,0.2566150838216146
11585,45,0.003,0.0001,40.0,136.0,0.1878822749138345,0.48655062866210935,0.25662491658528647
11585,45,0.003,0.0003,40.0,136.0,0.18787983937700872,0.48655640665690103,0.25663367513020835
11585,45,0.003,0.001,40.0,136.0,0.1878836481243588,0.48656759033203123,0.2566401977539063
11585,45,0.003,0.003,40.0,136.0,0.18791940064122367,0.4866223999023438,0.25665125427246094
11585,45,0.003,0.01,40.0,136.0,0.18798878850352138,0.48681566162109374,0.25675960083007815
11585,45,0.003,0.03,40.0,136.0,0.18830048651150655,0.4874280293782552,0.2569905202229818
11585,64,0.003,0.0,40.0,136.0,0.14477999368281982,0.4176626485188802,0.2404844492594401
11585,64,0.003,1e-06,40.0,136.0,0.14477999368281982,0.4176626485188802,0.2404844492594401
11585,64,0.003,3e-06,40.0,136.0,0.14477999368281982,0.4176626485188802,0.2404844492594401
11585,64,0.003,1e-05,40.0,136.0,0.144779605493162,0.41766321614583335,0.24048549194335936
11585,64,0.003,3e-05,40.0,136.0,0.144779952120758,0.4176633972167969,0.24048524881998698
11585,64,0.003,0.0001,40.0,136.0,0.14477017755504654,0.41766464436848955,0.24049845784505208
11585,64,0.003,0.0003,40.0,136.0,0.1447801507874137,0.4176693379720052,0.24049094645182292
11585,64,0.003,0.001,40.0,136.0,0.14478781815658817,0.41769219970703125,0.2405044250488281
11585,64,0.003,0.003,40.0,136.0,0.1448228275437867,0.41774182739257815,0.2405112091064453
11585,64,0.003,0.01,40.0,136.0,0.14490196337207625,0.41787376708984375,0.24054630432128907
11585,64,0.003,0.03,40.0,136.0,0.14522755807106943,0.4182416280110677,0.24051571044921874
11585,91,0.003,0.0,40.0,136.0,0.125762175865413,0.38518785603841144,0.23128319498697916
11585,91,0.003,1e-06,40.0,136.0,0.125762175865413,0.38518785603841144,0.23128319498697916
11585,91,0.003,3e-06,40.0,136.0,0.125762175865413,0.38518785603841144,0.23128319498697916
11585,91,0.003,1e-05,40.0,136.0,0.12576239032565228,0.3851882202148437,0.23128329671223957
11585,91,0.003,3e-05,40.0,136.0,0.12576244601881517,0.385188330078125,0.23128333841959636
11585,91,0.003,0.0001,40.0,136.0,0.12575963891715625,0.38518900960286456,0.23128745320638022
11585,91,0.003,0.0003,40.0,136.0,0.12577410417717072,0.38519261271158856,0.23127335408528646
11585,91,0.003,0.001,40.0,136.0,0.12580193247131877,0.38520110677083336,0.23124779256184894
11585,91,0.003,0.003,40.0,136.0,0.1258608500189893,0.38522036336263016,0.2311949473063151
11585,91,0.003,0.01,40.0,136.0,0.12585867216694718,0.3853090515136719,0.23128630065917968
11585,91,0.003,0.03,40.0,136.0,0.12602896855926757,0.38555158894856767,0.2313204335530599
11585,128,0.003,0.0,40.0,136.0,0.11315331360674553,0.3603335001627604,0.2218592549641927
11585,128,0.003,1e-06,40.0,136.0,0.11315331360674553,0.3603335001627604,0.2218592549641927
11585,128,0.003,3e-06,40.0,136.0,0.11315331360674553,0.3603335001627604,0.2218592549641927
11585,128,0.003,1e-05,40.0,136.0,0.11315329448819704,0.36033366292317703,0.22185944112141928
11585,128,0.003,3e-05,40.0,136.0,0.11315289549240316,0.36033371175130213,0.22185997823079426
11585,128,0.003,0.0001,40.0,136.0,0.11313013361359749,0.36033260904947917,0.22188673095703124
11585,128,0.003,0.0003,40.0,136.0,0.11312652852035057,0.3603334676106771,0.22189200134277343
11585,128,0.003,0.001,40.0,136.0,0.11316285542491049,0.3603375773111979,0.22185165506998697
11585,128,0.003,0.003,40.0,136.0,0.11316417626723681,0.3603459248860677,0.22185838623046875
11585,128,0.003,0.01,40.0,136.0,0.11321195518232531,0.36037838338216144,0.22183237406412762
11585,128,0.003,0.03,40.0,136.0,0.11319305857527394,0.36048228759765627,0.22195940348307294
11585,181,0.003,0.0,40.0,136.0,0.09476431731686606,0.32731119181315105,0.21134094848632812
11585,181,0.003,1e-06,40.0,136.0,0.09476431731686606,0.32731119181315105,0.21134094848632812
11585,181,0.003,3e-06,40.0,136.0,0.09476431731686606,0.32731119181315105,0.21134094848632812
11585,181,0.003,1e-05,40.0,136.0,0.09476414358744742,0.32731121215820314,0.21134118143717448
11585,181,0.003,3e-05,40.0,136.0,0.09476420011185159,0.32731123860677086,0.2113411387125651
11585,181,0.003,0.0001,40.0,136.0,0.09476399895147213,0.3273112996419271,0.21134144592285156
11585,181,0.003,0.0003,40.0,136.0,0.09478023143035741,0.3273120300292969,0.21132231140136717
11585,181,0.003,0.001,40.0,136.0,0.09475528504957968,0.3273118733723958,0.2113526835123698
11585,181,0.003,0.003,40.0,136.0,0.09473937093608836,0.3273109171549479,0.21137120259602862
11585,181,0.003,0.01,40.0,136.0,0.0947599217132023,0.3273248189290365,0.2113599548339844
11585,181,0.003,0.03,40.0,136.0,0.09486610862508285,0.3273292378743489,0.2112344248453776
11585,256,0.003,0.0,40.0,136.0,0.09448322976745067,0.3198991536458333,0.2042728983561198
11585,256,0.003,1e-06,40.0,136.0,0.09448322976745067,0.3198991536458333,0.2042728983561198
11585,256,0.003,3e-06,40.0,136.0,0.09448322976745067,0.3198991536458333,0.2042728983561198
11585,256,0.003,1e-05,40.0,136.0,0.09448468527085747,0.3198990865071614,0.20427105000813803
11585,256,0.003,3e-05,40.0,136.0,0.09449079655643541,0.31989907226562503,0.20426355692545572
11585,256,0.003,0.0001,40.0,136.0,0.09448881487732527,0.3198988016764323,0.20426571146647135
11585,256,0.003,0.0003,40.0,136.0,0.09448391138526542,0.31989825439453123,0.20427116495768227
11585,256,0.003,0.001,40.0,136.0,0.09456205138655256,0.31989494832356774,0.20417223307291665
11585,256,0.003,0.003,40.0,136.0,0.09460728587221316,0.3198838663736979,0.20410579427083334
11585,256,0.003,0.01,40.0,136.0,0.09455064592553322,0.31986573079427083,0.20415697326660154
11585,256,0.003,0.03,40.0,136.0,0.09473083658230325,0.31983612263997396,0.20390685221354166
16384,32,0.003,0.0,40.0,192.0,0.20449743305987908,0.5719651306152344,0.251187201944987
16384,32,0.003,1e-06,40.0,192.0,0.20449743305987908,0.5719651306152344,0.251187201944987
16384,32,0.003,3e-06,40.0,192.0,0.20449743305987908,0.5719651306152344,0.251187201944987
16384,32,0.003,1e-05,40.0,192.0,0.20449798363918348,0.5719663167317708,0.2511875244140625
16384,32,0.003,3e-05,40.0,192.0,0.20449617820598748,0.5719666890462239,0.2511907287597656
16384,32,0.003,0.0001,40.0,192.0,0.20449736626403892,0.5719692321777344,0.2511914082845052
16384,32,0.003,0.0003,40.0,192.0,0.20450652507618944,0.5719771504720051,0.2511849599202474
16384,32,0.003,0.001,40.0,192.0,0.2045439398257624,0.5720014831542969,0.25115060323079424
16384,32,0.003,0.003,40.0,192.0,0.20455520497664167,0.5720868326822917,0.2512182820638021
16384,32,0.003,0.01,40.0,192.0,0.20465949662935362,0.5724002461751302,0.25136810201009113
16384,32,0.003,0.03,40.0,192.0,0.20499757696537363,0.5731835815429688,0.2516211191813151
16384,45,0.003,0.0,40.0,192.0,0.16128056918028888,0.4837343973795573,0.23074712931315103
16384,45,0.003,1e-06,40.0,192.0,0.16128056918028888,0.4837343973795573,0.23074712931315103
16384,45,0.003,3e-06,40.0,192.0,0.16128056918028888,0.4837343973795573,0.23074712931315103
16384,45,0.003,1e-05,40.0,192.0,0.16128086295228522,0.4837352701822917,0.23074754130045574
16384,45,0.003,3e-05,40.0,192.0,0.16128100367750198,0.4837355529785156,0.2307476033528646
16384,45,0.003,0.0001,40.0,192.0,0.16128304840841684,0.4837375040690104,0.23074634704589844
16384,45,0.003,0.0003,40.0,192.0,0.1612943732216001,0.48372928873697923,0.23072036743164062
16384,45,0.003,0.001,40.0,192.0,0.16129882195425982,0.4837499267578125,0.23073402709960936
16384,45,0.003,0.003,40.0,192.0,0.16131691389941155,0.48380930786132814,0.23076502888997397
16384,45,0.003,0.01,40.0,192.0,0.16145505547903888,0.4840369567871094,0.23077598673502606
16384,45,0.003,0.03,40.0,192.0,0.16184176124123353,0.48467396647135413,0.23080640360514323
16384,64,0.003,0.0,40.0,192.0,0.13534765230138024,0.4194872843424479,0.20717880249023438
16384,64,0.003,1e-06,40.0,192.0,0.13534765230138024,0.4194872843424479,0.20717880249023438
16384,64,0.003,3e-06,40.0,192.0,0.13534765230138024,0.4194872843424479,0.20717880249023438
16384,64,0.003,1e-05,40.0,192.0,0.13535238313297687,0.41948816528320315,0.20717226257324217
16384,64,0.003,3e-05,40.0,192.0,0.13535247197792938,0.4194883443196615,0.20717230224609376
16384,64,0.003,0.0001,40.0,192.0,0.13531439445798066,0.4194884460449219,0.20723213297526044
16384,64,0.003,0.0003,40.0,192.0,0.1353449538791358,0.41949226074218754,0.2071880116780599
16384,64,0.003,0.001,40.0,192.0,0.13532392291701412,0.41950959676106775,0.2072383371988932
16384,64,0.003,0.003,40.0,192.0,0.13532657399851744,0.4195476013183594,0.20727218322753904
16384,64,0.003,0.01,40.0,192.0,0.1354486644728881,0.4196899434407552,0.20722301228841145
16384,64,0.003,0.03,40.0,192.0,0.13552943750480734,0.42007325846354165,0.20747962544759116
16384,91,0.003,0.0,40.0,192.0,0.11722323853476184,0.3844501037597656,0.20057186584472655
16384,91,0.003,1e-06,40.0,192.0,0.11722323853476184,0.3844501037597656,0.20057186584472655
16384,91,0.003,3e-06,40.0,192.0,0.11722323853476184,0.3844501037597656,0.20057186584472655
16384,91,0.003,1e-05,40.0,192.0,0.11722347783248072,0.38445045776367187,0.20057184448242185
16384,91,0.003,3e-05,40.0,192.0,0.11722337666596543,0.38445054931640626,0.20057209472656248
16384,91,0.003,0.0001,40.0,192.0,0.11724777595424374,0.3844513163248698,0.20053458862304688
16384,91,0.003,0.0003,40.0,192.0,0.11725089330962207,0.3844531575520833,0.20053153991699216
16384,91,0.003,0.001,40.0,192.0,0.11725017995598858,0.38446160685221353,0.20054110819498697
16384,91,0.003,0.003,40.0,192.0,0.11725806186513527,0.38448288574218753,0.2005500233968099
16384,91,0.003,0.01,40.0,192.0,0.11729326975796749,0.3845690348307292,0.20058094482421876
16384,91,0.003,0.03,40.0,192.0,0.11741590302960285,0.3848145100911458,0.2006340555826823
16384,128,0.003,0.0,40.0,192.0,0.10606742206985406,0.3569088663736979,0.19052981974283853
16384,128,0.003,1e-06,40.0,192.0,0.10606742206985406,0.3569088663736979,0.19052981974283853
16384,128,0.003,3e-06,40.0,192.0,0.10606742206985406,0.3569088663736979,0.19052981974283853
16384,128,0.003,1e-05,40.0,192.0,0.10606918081081222,0.35690922444661455,0.1905274190266927
16384,128,0.003,3e-05,40.0,192.0,0.10604915243479723,0.3569082600911458,0.19055787150065104
16384,128,0.003,0.0001,40.0,192.0,0.10606097205600075,0.35690862019856767,0.19053969116210936
16384,128,0.003,0.0003,40.0,192.0,0.1060496978260752,0.3569098449707031,0.19055860087076823
16384,128,0.003,0.001,40.0,192.0,0.10606727615661085,0.35691456095377605,0.1905357432047526
16384,128,0.003,0.003,40.0,192.0,0.10612704740905711,0.3569246805826823,0.190452104695638
16384,128,0.003,0.01,40.0,192.0,0.10621351300297159,0.3569503946940104,0.19034218749999998
16384,128,0.003,0.03,40.0,192.0,0.10643383746069927,0.3570662333170573,0.1901124216715495
16384,181,0.003,0.0,40.0,192.0,0.08851834227571248,0.327143690999349,0.1882924102783203
16384,181,0.003,1e-06,40.0,192.0,0.08851834227571248,0.327143690999349,0.1882924102783203
16384,181,0.003,3e-06,40.0,192.0,0.08851834227571248,0.327143690999349,0.1882924102783203
16384,181,0.003,1e-05,40.0,192.0,0.0885107262529201,0.32714378458658855,0.18830445048014322
16384,181,0.003,3e-05,40.0,192.0,0.08848486523819642,0.3271438212076823,0.18834505310058594
16384,181,0.003,0.0001,40.0,192.0,0.08848630686103934,0.3271439778645833,0.18834294840494792
16384,181,0.003,0.0003,40.0,192.0,0.08849670820551883,0.327144130452474,0.18832678527832034
16384,181,0.003,0.001,40.0,192.0,0.08852717099968178,0.32714645792643227,0.1882813283284505
16384,181,0.003,0.003,40.0,192.0,0.08855962599599208,0.3271545776367188,0.18823853861490883
16384,181,0.003,0.01,40.0,192.0,0.08870337194116532,0.32718436686197916,0.1880428456624349
16384,181,0.003,0.03,40.0,192.0,0.08878619748603915,0.3272339396158854,0.18796249694824219
16384,256,0.003,0.0,40.0,192.0,0.083439081527381,0.3085349161783854,0.1776510447184245
16384,256,0.003,1e-06,40.0,192.0,0.083439081527381,0.3085349161783854,0.1776510447184245
16384,256,0.003,3e-06,40.0,192.0,0.083439081527381,0.3085349161783854,0.1776510447184245
16384,256,0.003,1e-05,40.0,192.0,0.08344360483792058,0.30853624064127605,0.17764527384440107
16384,256,0.003,3e-05,40.0,192.0,0.08345221566478007,0.30853625895182296,0.1776317850748698
16384,256,0.003,0.0001,40.0,192.0,0.08344582466472734,0.3085361592610677,0.17764171040852864
16384,256,0.003,0.0003,40.0,192.0,0.08340403576037458,0.30853602498372396,0.1777071268717448
16384,256,0.003,0.001,40.0,192.0,0.08340376403749057,0.3085373046875,0.17770883280436198
16384,256,0.003,0.003,40.0,192.0,0.0833975675884288,0.30853563435872394,0.17771688232421876
16384,256,0.003,0.01,40.0,192.0,0.08353250037371207,0.3085297810872396,0.17749937133789062
16384,256,0.003,0.03,40.0,192.0,0.08356753641316893,0.30853428751627604,0.17744891967773438
23170,32,0.003,0.0,40.0,272.0,0.1810768619513164,0.5677068400065104,0.22059650878906248
23170,32,0.003,1e-06,40.0,272.0,0.1810768619513164,0.5677068400065104,0.22059650878906248
23170,32,0.003,3e-06,40.0,272.0,0.1810768619513164,0.5677068400065104,0.22059650878906248
23170,32,0.003,1e-05,40.0,272.0,0.1810773167351852,0.5677079711914063,0.22059676818847654
23170,32,0.003,3e-05,40.0,272.0,0.18106773124974496,0.5677083862304687,0.2206155578613281
23170,32,0.003,0.0001,40.0,272.0,0.18109101809423855,0.5677109171549479,0.22057344970703122
23170,32,0.003,0.0003,40.0,272.0,0.1811132053912686,0.5677123860677084,0.22053238728841149
23170,32,0.003,0.001,40.0,272.0,0.18113140576740452,0.5677397054036458,0.22052481791178383
23170,32,0.003,0.003,40.0,272.0,0.18111290237891267,0.5678131062825521,0.22063368835449218
23170,32,0.003,0.01,40.0,272.0,0.18127075005893187,0.568091748046875,0.22060974833170574
23170,32,0.003,0.03,40.0,272.0,0.18154285356260738,0.5688699218750001,0.22086632080078125
23170,45,0.003,0.0,40.0,272.0,0.15111576170135055,0.48350651855468746,0.1938292978922526
23170,45,0.003,1e-06,40.0,272.0,0.15111576170135055,0.48350651855468746,0.1938292978922526
23170,45,0.003,3e-06,40.0,272.0,0.15111576170135055,0.48350651855468746,0.1938292978922526
23170,45,0.003,1e-05,40.0,272.0,0.1511221520249774,0.48350735473632817,0.19381788431803385
23170,45,0.003,3e-05,40.0,272.0,0.15112332374350987,0.48350764160156245,0.1938159250895182
23170,45,0.003,0.0001,40.0,272.0,0.15112160861928117,0.4835091349283854,0.1938207061767578
23170,45,0.003,0.0003,40.0,272.0,0.1511326237286917,0.48351485188802085,0.19380530802408855
23170,45,0.003,0.001,40.0,272.0,0.15115178567818843,0.4835355000813802,0.19378922424316405
23170,45,0.003,0.003,40.0,272.0,0.15117380050759036,0.4835934855143229,0.19380500895182293
23170,45,0.003,0.01,40.0,272.0,0.1512448407196479,0.4838047566731771,0.1938801015218099
23170,45,0.003,0.03,40.0,272.0,0.15146747679286995,0.4843932474772135,0.19404181620279948
23170,64,0.003,0.0,40.0,272.0,0.12320422057658291,0.41297465006510414,0.17680169372558593
23170,64,0.003,1e-06,40.0,272.0,0.12320422057658291,0.41297465006510414,0.17680169372558593
23170,64,0.003,3e-06,40.0,272.0,0.12320422057658291,0.41297465006510414,0.17680169372558593
23170,64,0.003,1e-05,40.0,272.0,0.12320716685434212,0.4129752176920573,0.1767966135660807
23170,64,0.003,3e-05,40.0,272.0,0.12320408578649812,0.4129754109700521,0.17680271301269532
23170,64,0.003,0.0001,40.0,272.0,0.12324462629251615,0.41297490234374995,0.17672449137369792
23170,64,0.003,0.0003,40.0,272.0,0.12321424757915128,0.4129818603515625,0.17678968302408857
23170,64,0.003,0.001,40.0,272.0,0.12323561339960157,0.4129948282877604,0.1767616943359375
23170,64,0.003,0.003,40.0,272.0,0.12326674407182539,0.4130340311686198,0.17674122212727864
23170,64,0.003,0.01,40.0,272.0,0.1232037992249005,0.41318306274414063,0.17701091410319011
23170,64,0.003,0.03,40.0,272.0,0.12346642656107858,0.4135574890136719,0.1768819040934245
23170,91,0.003,0.0,40.0,272.0,0.11008821028529397,0.3825154866536458,0.171484907023112
23170,91,0.003,1e-06,40.0,272.0,0.11008821028529397,0.3825154866536458,0.171484907023112
23170,91,0.003,3e-06,40.0,272.0,0.11008821028529397,0.3825154866536458,0.171484907023112
23170,91,0.003,1e-05,40.0,272.0,0.11006252587543375,0.3825158671061198,0.1715345225016276
23170,91,0.003,3e-05,40.0,272.0,0.11006162957443677,0.3825159810384115,0.17153635457356772
23170,91,0.003,0.0001,40.0,272.0,0.11008929125932057,0.3825167928059896,0.17148414103190102
23170,91,0.003,0.0003,40.0,272.0,0.11016992810088035,0.3825196594238281,0.17133243306477863
23170,91,0.003,0.001,40.0,272.0,0.11015070724705521,0.3825266479492188,0.1713762664794922
23170,91,0.003,0.003,40.0,272.0,0.11033639757030043,0.38254378051757815,0.17103744506835938
23170,91,0.003,0.01,40.0,272.0,0.11031400012809876,0.38263249918619796,0.17116909790039062
23170,91,0.003,0.03,40.0,272.0,0.1103641791865195,0.38286031290690103,0.17130072224934897
23170,128,0.003,0.0,40.0,272.0,0.09726953657302453,0.3483734924316406,0.16191531829833986
23170,128,0.003,1e-06,40.0,272.0,0.09726953657302453,0.3483734924316406,0.16191531829833986
23170,128,0.003,3e-06,40.0,272.0,0.09726953657302453,0.3483734924316406,0.16191531829833986
23170,128,0.003,1e-05,40.0,272.0,0.0972647682411072,0.3483737487792969,0.16192471516927084
23170,128,0.003,3e-05,40.0,272.0,0.0972480046529816,0.3483738199869792,0.16195692087809244
23170,128,0.003,0.0001,40.0,272.0,0.09726630585634626,0.34837428588867186,0.16192230478922526
23170,128,0.003,0.0003,40.0,272.0,0.09730650726447379,0.3483751444498698,0.16184610036214195
23170,128,0.003,0.001,40.0,272.0,0.0971825587601131,0.34838223673502605,0.16209079233805337
23170,128,0.003,0.003,40.0,272.0,0.0973452259816685,0.3483982645670573,0.16179499969482422
23170,128,0.003,0.01,40.0,272.0,0.09742316118416637,0.34844795532226563,0.16169529469807942
23170,128,0.003,0.03,40.0,272.0,0.09737230790998674,0.34858882853190104,0.16193364969889323
23170,181,0.003,0.0,40.0,272.0,0.08586323051620305,0.32573972371419274,0.1611465555826823
23170,181,0.003,1e-06,40.0,272.0,0.08586323051620305,0.32573972371419274,0.1611465555826823
23170,181,0.003,3e-06,40.0,272.0,0.08586323051620305,0.32573972371419274,0.1611465555826823
23170,181,0.003,1e-05,40.0,272.0,0.08586092369534222,0.32573979288736976,0.16115104675292968
23170,181,0.003,3e-05,40.0,272.0,0.08585895225768458,0.3257398173014323,0.16115485026041668
23170,181,0.003,0.0001,40.0,272.0,0.0858042184618706,0.32573944091796875,0.16125939432779948
23170,181,0.003,0.0003,40.0,272.0,0.08582221983689703,0.32573954874674477,0.16122499491373699
23170,181,0.003,0.001,40.0,272.0,0.0857892551704485,0.3257498555501302,0.16129849243164063
23170,181,0.003,0.003,40.0,272.0,0.0858094216775458,0.3257499348958333,0.16125991414388022
23170,181,0.003,0.01,40.0,272.0,0.0859506084540119,0.3257510294596354,0.16099036458333335
23170,181,0.003,0.03,40.0,272.0,0.08614160388150037,0.3258020812988281,0.16067529296875
23170,256,0.003,0.0,40.0,272.0,0.07755103695875333,0.308084912109375,0.15942557576497396
23170,256,0.003,1e-06,40.0,272.0,0.07755103695875333,0.308084912109375,0.15942557576497396
23170,256,0.003,3e-06,40.0,272.0,0.07755103695875333,0.308084912109375,0.15942557576497396
23170,256,0.003,1e-05,40.0,272.0,0.07755060393233916,0.3080849202473958,0.15942641398111979
23170,256,0.003,3e-05,40.0,272.0,0.07758379307203919,0.3080849060058594,0.15936277872721352
23170,256,0.003,0.0001,40.0,272.0,0.0776209298630811,0.3080847900390625,0.15929147440592448
23170,256,0.003,0.0003,40.0,272.0,0.07751389220766704,0.30808476765950527,0.15949663492838542
23170,256,0.003,0.001,40.0,272.0,0.07759030040831832,0.3080856140136719,0.15935101267496746
23170,256,0.003,0.003,40.0,272.0,0.07744450662350094,0.3080862854003906,0.15963115946451822
23170,256,0.003,0.01,40.0,272.0,0.07767402707377091,0.30807260538736975,0.15917750651041665
23170,256,0.003,0.03,40.0,272.0,0.07806035456092511,0.30807731119791665,0.1584416524251302
32768,32,0.003,0.0,40.0,384.0,0.16301530752189897,0.5641701517740886,0.19546814473470053
32768,32,0.003,1e-06,40.0,384.0,0.16301530752189897,0.5641701517740886,0.19546814473470053
32768,32,0.003,3e-06,40.0,384.0,0.16301530752189897,0.5641701517740886,0.19546814473470053
32768,32,0.003,1e-05,40.0,384.0,0.16302459238589492,0.5641713195800782,0.1954483123779297
32768,32,0.003,3e-05,40.0,384.0,0.16302897035848438,0.5641716979980469,0.1954387888590495
32768,32,0.003,0.0001,40.0,384.0,0.1630344718337992,0.5641742065429688,0.19542885437011717
32768,32,0.003,0.0003,40.0,384.0,0.1630077857206265,0.5641821431477865,0.19549714864095055
32768,32,0.003,0.001,40.0,384.0,0.162964010492341,0.5642115193684897,0.19562553405761718
32768,32,0.003,0.003,40.0,384.0,0.16306422666558473,0.5642931803385417,0.19548052978515626
32768,32,0.003,0.01,40.0,384.0,0.1632301124276703,0.5645794799804688,0.19539163513183597
32768,32,0.003,0.03,40.0,384.0,0.16339342645693625,0.56540361328125,0.19584639078776042
32768,45,0.003,0.0,40.0,384.0,0.1359553760279133,0.4813642110188802,0.17386535847981768
32768,45,0.003,1e-06,40.0,384.0,0.1359553760279133,0.4813642110188802,0.17386535847981768
32768,45,0.003,3e-06,40.0,384.0,0.1359553760279133,0.4813642110188802,0.17386535847981768
32768,45,0.003,1e-05,40.0,384.0,0.13594939150939314,0.48136504923502604,0.17387973225911457
32768,45,0.003,3e-05,40.0,384.0,0.13595297790280061,0.4813653523763021,0.173871923828125
32768,45,0.003,0.0001,40.0,384.0,0.13592104263017743,0.4813672302246094,0.17394603169759115
32768,45,0.003,0.0003,40.0,384.0,0.13598891379861913,0.48137309977213544,0.1737983927408854
32768,45,0.003,0.001,40.0,384.0,0.13595860171307986,0.4813934427897135,0.17388729451497395
32768,45,0.003,0.003,40.0,384.0,0.1360967997444711,0.48145714111328125,0.17363842163085938
32768,45,0.003,0.01,40.0,384.0,0.13626989292496083,0.48165766805013027,0.17344745279947915
32768,45,0.003,0.03,40.0,384.0,0.1362442084293099,0.4822467549641927,0.1740946319580078
32768,64,0.003,0.0,40.0,384.0,0.11637583811946488,0.4208396158854167,0.15762503967285155
32768,64,0.003,1e-06,40.0,384.0,0.11637583811946488,0.4208396158854167,0.15762503967285155
32768,64,0.003,3e-06,40.0,384.0,0.11637583811946488,0.4208396158854167,0.15762503967285155
32768,64,0.003,1e-05,40.0,384.0,0.11644225790948597,0.42084017333984375,0.15747537129720052
32768,64,0.003,3e-05,40.0,384.0,0.11643101928414538,0.42084036458333335,0.15750098164876303
32768,64,0.003,0.0001,40.0,384.0,0.11643352580163471,0.42084163818359377,0.1574965861002604
32768,64,0.003,0.0003,40.0,384.0,0.11650670010083479,0.42084556070963536,0.1573350056966146
32768,64,0.003,0.001,40.0,384.0,0.1165045763298704,0.42085773315429686,0.15735198160807293
32768,64,0.003,0.003,40.0,384.0,0.11643433941910075,0.4208927347819011,0.15754584248860679
32768,64,0.003,0.01,40.0,384.0,0.1165264086234226,0.42106367797851557,0.1575085469563802
32768,64,0.003,0.03,40.0,384.0,0.11668247655484709,0.4214564127604166,0.1575482930501302
32768,91,0.003,0.0,40.0,384.0,0.10687703860554813,0.3816651977539062,0.13993465576171873
32768,91,0.003,1e-06,40.0,384.0,0.10687703860554813,0.3816651977539062,0.13993465576171873
32768,91,0.003,3e-06,40.0,384.0,0.10687703860554813,0.3816651977539062,0.13993465576171873
32768,91,0.003,1e-05,40.0,384.0,0.10684593718963138,0.3816655436197916,0.14000534566243492
32768,91,0.003,3e-05,40.0,384.0,0.10686123130899698,0.3816656534830729,0.13997086385091145
32768,91,0.003,0.0001,40.0,384.0,0.10685250257435247,0.38166641438802085,0.13999136708577473
32768,91,0.003,0.0003,40.0,384.0,0.10684690732389025,0.38166893107096356,0.14000653889973957
32768,91,0.003,0.001,40.0,384.0,0.10682566444199597,0.38167178955078124,0.140057443745931
32768,91,0.003,0.003,40.0,384.0,0.106974215069757,0.38168722330729166,0.1397368911743164
32768,91,0.003,0.01,40.0,384.0,0.10690846902156238,0.3817769470214844,0.1399753168741862
32768,91,0.003,0.03,40.0,384.0,0.10707795759332824,0.3819855021158854,0.13980052897135417
32768,128,0.003,0.0,40.0,384.0,0.0926281529995414,0.3499924641927083,0.1404895258585612
32768,128,0.003,1e-06,40.0,384.0,0.0926281529995414,0.3499924641927083,0.1404895258585612
32768,128,0.003,3e-06,40.0,384.0,0.0926281529995414,0.3499924641927083,0.1404895258585612
32768,128,0.003,1e-05,40.0,384.0,0.09266588793895536,0.349992665608724,0.14040437978108725
32768,128,0.003,3e-05,40.0,384.0,0.09262112750942085,0.3499927266438802,0.14050567830403646
32768,128,0.003,0.0001,40.0,384.0,0.09266560976183942,0.34999314778645835,0.14040549112955727
32768,128,0.003,0.0003,40.0,384.0,0.09270575159670356,0.34999441935221354,0.1403159713745117
32768,128,0.003,0.001,40.0,384.0,0.09246782380848072,0.3500028523763021,0.14086254069010418
32768,128,0.003,0.003,40.0,384.0,0.09267838387088868,0.3500135498046875,0.14039700113932294
32768,128,0.003,0.01,40.0,384.0,0.09269841509692145,0.35006175130208333,0.14039989674886066
32768,128,0.003,0.03,40.0,384.0,0.09302433838012479,0.35018632405598954,0.13978730824788413
32768,181,0.003,0.0,40.0,384.0,0.08054233059445429,0.3213994588216146,0.13923178761800128
32768,181,0.003,1e-06,40.0,384.0,0.08054233059445429,0.3213994588216146,0.13923178761800128
32768,181,0.003,3e-06,40.0,384.0,0.08054233059445429,0.3213994588216146,0.13923178761800128
32768,181,0.003,1e-05,40.0,384.0,0.08048477559174959,0.3213991678873698,0.1393616724650065
32768,181,0.003,3e-05,40.0,384.0,0.08051261309282332,0.32139919230143227,0.1392987350463867
32768,181,0.003,0.0001,40.0,384.0,0.08078608323607817,0.3213946126302083,0.1386756306966146
32768,181,0.003,0.0003,40.0,384.0,0.08077425025170976,0.32139603271484374,0.1387038141886393
32768,181,0.003,0.001,40.0,384.0,0.08080281434151561,0.32139776000976567,0.13864093627929688
32768,181,0.003,0.003,40.0,384.0,0.08055032352026828,0.32140713500976564,0.1392213857014974
32768,181,0.003,0.01,40.0,384.0,0.08099450311124894,0.3214245869954427,0.13823420867919922
32768,181,0.003,0.03,40.0,384.0,0.08135648350083308,0.3214989807128906,0.1374898885091146
32768,256,0.003,0.0,40.0,384.0,0.07252207933216206,0.3057075419108073,0.14167977905273438
32768,256,0.003,1e-06,40.0,384.0,0.07252207933216206,0.3057075419108073,0.14167977905273438
32768,256,0.003,3e-06,40.0,384.0,0.07252207933216206,0.3057075419108073,0.14167977905273438
32768,256,0.003,1e-05,40.0,384.0,0.07252698914701443,0.3057075439453125,0.1416686762491862
32768,256,0.003,3e-05,40.0,384.0,0.07251266651119039,0.30570757039388025,0.1417010971069336
32768,256,0.003,0.0001,40.0,384.0,0.07256465797157621,0.3057075764973958,0.14158351084391277
32768,256,0.003,0.0003,40.0,384.0,0.07316951059582474,0.3057085734049479,0.14021647440592447
32768,256,0.003,0.001,40.0,384.0,0.07280219514245839,0.3057125447591146,0.14105122629801434
32768,256,0.003,0.003,40.0,384.0,0.07301931766614157,0.30570876871744795,0.1405563705444336
32768,256,0.003,0.01,40.0,384.0,0.0731483156134662,0.3057250935872396,0.14028093261718752
32768,256,0.003,0.03,40.0,384.0,0.07328501526642285,0.3057406758626302,0.1399873326619466
46341,32,0.003,0.0,40.0,543.0,0.15660021825691947,0.5741976603190104,0.1657482940673828
46341,32,0.003,1e-06,40.0,543.0,0.15660021825691947,0.5741976603190104,0.1657482940673828
46341,32,0.003,3e-06,40.0,543.0,0.15660021825691947,0.5741976603190104,0.1657482940673828
46341,32,0.003,1e-05,40.0,543.0,0.15657777748929172,0.5741988444010416,0.1658080088297526
46341,32,0.003,3e-05,40.0,543.0,0.1566000232486847,0.5741947998046876,0.16574594217936198
46341,32,0.003,0.0001,40.0,543.0,0.15657658208881242,0.5741973266601562,0.16580960896809896
46341,32,0.003,0.0003,40.0,543.0,0.15663407831676054,0.5742052775065104,0.16566759643554688
46341,32,0.003,0.001,40.0,543.0,0.15689177116860265,0.5742341023763021,0.1650242991129557
46341,32,0.003,0.003,40.0,543.0,0.15694193274682347,0.5743653564453125,0.16502472025553386
46341,32,0.003,0.01,40.0,543.0,0.15707924779535712,0.5746371826171875,0.16493839721679687
46341,32,0.003,0.03,40.0,543.0,0.15726808089939287,0.5754425618489584,0.16525125630696613
46341,45,0.003,0.0,40.0,543.0,0.12656949456088024,0.47849001057942714,0.1483676747639974
46341,45,0.003,1e-06,40.0,543.0,0.12656949456088024,0.47849001057942714,0.1483676747639974
46341,45,0.003,3e-06,40.0,543.0,0.12656949456088024,0.47849001057942714,0.1483676747639974
46341,45,0.003,1e-05,40.0,543.0,0.12659711611228183,0.4784908772786458,0.14829649810791015
46341,45,0.003,3e-05,40.0,543.0,0.12662020021207615,0.47849117431640625,0.14823658650716146
46341,45,0.003,0.0001,40.0,543.0,0.126515476499808,0.4784930623372396,0.1485116180419922
46341,45,0.003,0.0003,40.0,543.0,0.12647385725731247,0.4784990071614583,0.14862611541748047
46341,45,0.003,0.001,40.0,543.0,0.1265399525683823,0.47851956176757815,0.14847427825927736
46341,45,0.003,0.003,40.0,543.0,0.12658469876792278,0.47857662150065106,0.14841462961832683
46341,45,0.003,0.01,40.0,543.0,0.1265505169444943,0.4787896667480469,0.14871682891845703
46341,45,0.003,0.03,40.0,543.0,0.1266892177215444,0.4793882527669271,0.14895365142822267
46341,64,0.003,0.0,40.0,543.0,0.10616327787808695,0.41512559000651045,0.13822735799153646
46341,64,0.003,1e-06,40.0,543.0,0.10616327787808695,0.41512559000651045,0.13822735799153646
46341,64,0.003,3e-06,40.0,543.0,0.10616327787808695,0.41512559000651045,0.13822735799153646
46341,64,0.003,1e-05,40.0,543.0,0.10612731621449945,0.4151261759440104,0.13832174021402996
46341,64,0.003,3e-05,40.0,543.0,0.10617096081252154,0.4151263448079427,0.13820807393391926
46341,64,0.003,0.0001,40.0,543.0,0.10619528925986213,0.4151275939941406,0.13814586893717448
46341,64,0.003,0.0003,40.0,543.0,0.10608007000938884,0.41513093668619794,0.1384497299194336
46341,64,0.003,0.001,40.0,543.0,0.1060963781580486,0.4151450622558594,0.13842132008870445
46341,64,0.003,0.003,40.0,543.0,0.10620280370718185,0.4152062052408854,0.13820488077799478
46341,64,0.003,0.01,40.0,543.0,0.10624081178718532,0.4153539957682291,0.13825353749593097
46341,64,0.003,0.03,40.0,543.0,0.10636851331975988,0.41575791829427083,0.13832438507080078
46341,91,0.003,0.0,40.0,543.0,0.09735451858719882,0.37914021199544273,0.12521724904378254
46341,91,0.003,1e-06,40.0,543.0,0.09735451858719882,0.37914021199544273,0.12521724904378254
46341,91,0.003,3e-06,40.0,543.0,0.09735451858719882,0.37914021199544273,0.12521724904378254
46341,91,0.003,1e-05,40.0,543.0,0.0973073014383152,0.3791402221679688,0.12534041239420574
46341,91,0.003,3e-05,40.0,543.0,0.09732939684635906,0.3791403177897135,0.12528287811279296
46341,91,0.003,0.0001,40.0,543.0,0.09726326584878234,0.37914121297200526,0.12545625813802083
46341,91,0.003,0.0003,40.0,543.0,0.09719657790768697,0.3791478942871094,0.12563687693277995
46341,91,0.003,0.001,40.0,543.0,0.09744261492232686,0.3791595031738281,0.12500676472981773
46341,91,0.003,0.003,40.0,543.0,0.09720388506125308,0.37918275756835934,0.1256526814778646
46341,91,0.003,0.01,40.0,543.0,0.09730893463228164,0.3792940124511719,0.1254899429321289
46341,91,0.003,0.03,40.0,543.0,0.09719852213978791,0.3795645751953125,0.12604848683675132
46341,128,0.003,0.0,40.0,543.0,0.08632949889816703,0.347385117594401,0.12221794026692707
46341,128,0.003,1e-06,40.0,543.0,0.08632949889816703,0.347385117594401,0.12221794026692707
46341,128,0.003,3e-06,40.0,543.0,0.08632949889816703,0.347385117594401,0.12221794026692707
46341,128,0.003,1e-05,40.0,543.0,0.0864773441963716,0.34738532918294274,0.12183253733317057
46341,128,0.003,3e-05,40.0,543.0,0.08658773445792654,0.3473854248046875,0.12154470977783204
46341,128,0.003,0.0001,40.0,543.0,0.08641994430249149,0.3473858317057292,0.12198275197347004
46341,128,0.003,0.0003,40.0,543.0,0.08633788093712343,0.3473869689941407,0.12219792938232421
46341,128,0.003,0.001,40.0,543.0,0.08661011711310031,0.34739215291341147,0.12149305877685547
46341,128,0.003,0.003,40.0,543.0,0.08659169098000237,0.3474067891438802,0.12155575459798178
46341,128,0.003,0.01,40.0,543.0,0.08703655215057975,0.34746352742513026,0.12045219268798828
46341,128,0.003,0.03,40.0,543.0,0.08736951330584831,0.3475995544433594,0.11971978047688803
46341,181,0.003,0.0,40.0,543.0,0.07397470128533336,0.31877674763997393,0.12583372243245441
46341,181,0.003,1e-06,40.0,543.0,0.07397470128533336,0.31877674763997393,0.12583372243245441
46341,181,0.003,3e-06,40.0,543.0,0.07397470128533336,0.31877674763997393,0.12583372243245441
46341,181,0.003,1e-05,40.0,543.0,0.07410612962028312,0.31877699178059893,0.12549117126464843
46341,181,0.003,3e-05,40.0,543.0,0.07399513229809322,0.3187770324707031,0.12578071848551434
46341,181,0.003,0.0001,40.0,543.0,0.07388109479752282,0.3187770060221354,0.1260781280517578
46341,181,0.003,0.0003,40.0,543.0,0.07348371384193786,0.31877694091796877,0.127114523824056
46341,181,0.003,0.001,40.0,543.0,0.07396251268563371,0.318781699625651,0.12587046508789063
46341,181,0.003,0.003,40.0,543.0,0.07376042779700219,0.3187893900553385,0.12640523935953776
46341,181,0.003,0.01,40.0,543.0,0.07406137523039677,0.31880404866536455,0.1256349578857422
46341,181,0.003,0.03,40.0,543.0,0.07433231187149698,0.3188763203938802,0.12500056457519532
46341,256,0.003,0.0,40.0,543.0,0.06925031400412138,0.30804526163736984,0.12742452443440755
46341,256,0.003,1e-06,40.0,543.0,0.06925031400412138,0.30804526163736984,0.12742452443440755
46341,256,0.003,3e-06,40.0,543.0,0.06925031400412138,0.30804526163736984,0.12742452443440755
46341,256,0.003,1e-05,40.0,543.0,0.06965973925331222,0.30804525146484374,0.1263566390991211
46341,256,0.003,3e-05,40.0,543.0,0.06955195586184006,0.3080452392578125,0.12663775075276693
46341,256,0.003,0.0001,40.0,543.0,0.06963441509392476,0.30804422810872395,0.12642166697184246
46341,256,0.003,0.0003,40.0,543.0,0.06993664704656197,0.3080444742838542,0.12563362274169923
46341,256,0.003,0.001,40.0,543.0,0.06972592524321122,0.3080366658528646,0.12617542521158853
46341,256,0.003,0.003,40.0,543.0,0.07010165501951118,0.3080359313964844,0.1251947011311849
46341,256,0.003,0.01,40.0,543.0,0.06939042722581615,0.3080397664388021,0.12705358174641926
46341,256,0.003,0.03,40.0,543.0,0.07030308058530083,0.30803720092773434,0.1246706064860026
50000,32,0.003,0.0,40.0,586.0,0.15178622913072334,0.5708458333333334,0.16338475748697914
50000,32,0.003,1e-06,40.0,586.0,0.15178622913072334,0.5708458333333334,0.16338475748697914
50000,32,0.003,3e-06,40.0,586.0,0.15178622913072334,0.5708458333333334,0.16338475748697914
50000,32,0.003,1e-05,40.0,586.0,0.15181696035367145,0.5708464477539062,0.16330287577311198
50000,32,0.003,3e-05,40.0,586.0,0.15182911081463313,0.5708468587239584,0.16327066955566408
50000,32,0.003,0.0001,40.0,586.0,0.15182604439964742,0.5708519368489583,0.16328397928873697
50000,32,0.003,0.0003,40.0,586.0,0.15182031628188616,0.5708598144531251,0.16330723368326824
50000,32,0.003,0.001,40.0,586.0,0.15190041708925953,0.570882840983073,0.163115234375
50000,32,0.003,0.003,40.0,586.0,0.15183383965702152,0.570964892578125,0.1633760091145833
50000,32,0.003,0.01,40.0,586.0,0.15193169096004003,0.5712373494466146,0.1633857899983724
50000,32,0.003,0.03,40.0,586.0,0.1521963841138154,0.5720220662434895,0.16345995381673176
50000,45,0.003,0.0,40.0,586.0,0.12552167539489079,0.47959505004882813,0.1426396016438802
50000,45,0.003,1e-06,40.0,586.0,0.12552167539489079,0.47959505004882813,0.1426396016438802
50000,45,0.003,3e-06,40.0,586.0,0.12552167539489079,0.47959505004882813,0.1426396016438802
50000,45,0.003,1e-05,40.0,586.0,0.1255992954452567,0.47959590861002604,0.14243209381103517
50000,45,0.003,3e-05,40.0,586.0,0.12539343676061956,0.479596494547526,0.14298529510498045
50000,45,0.003,0.0001,40.0,586.0,0.12557098870612945,0.4795983825683594,0.14251055552164713
50000,45,0.003,0.0003,40.0,586.0,0.1255425843889178,0.47960431518554686,0.14259273783365886
50000,45,0.003,0.001,40.0,586.0,0.12553810129172444,0.47962499999999997,0.14262545725504558
50000,45,0.003,0.003,40.0,586.0,0.1257707376763802,0.4796852233886719,0.1420611821492513
50000,45,0.003,0.01,40.0,586.0,0.12570408161325866,0.47990035400390624,0.1424552469889323
50000,45,0.003,0.03,40.0,586.0,0.12590950053336405,0.48047770996093747,0.14248116811116537
50000,64,0.003,0.0,40.0,586.0,0.10820460151650674,0.41748228556315103,0.12701348876953125
50000,64,0.003,1e-06,40.0,586.0,0.10820460151650674,0.41748228556315103,0.12701348876953125
50000,64,0.003,3e-06,40.0,586.0,0.10820460151650674,0.41748228556315103,0.12701348876953125
50000,64,0.003,1e-05,40.0,586.0,0.10814244692936338,0.41748289388020837,0.12718094736735028
50000,64,0.003,3e-05,40.0,586.0,0.10818916807405361,0.4174831034342448,0.12705573679606122
50000,64,0.003,0.0001,40.0,586.0,0.1081243055529646,0.4174843933105468,0.12723114624023438
50000,64,0.003,0.0003,40.0,586.0,0.10817607063199342,0.4174911804199219,0.12709897308349608
50000,64,0.003,0.001,40.0,586.0,0.10823262688970137,0.41751134440104165,0.1269673151652018
50000,64,0.003,0.003,40.0,586.0,0.1082789941006797,0.4175514139811198,0.12688291473388671
50000,64,0.003,0.01,40.0,586.0,0.10791539257955035,0.41769228515625006,0.1279998524983724
50000,64,0.003,0.03,40.0,586.0,0.10851271483364015,0.41808448893229166,0.12678858032226561
50000,91,0.003,0.0,40.0,586.0,0.09328998704326545,0.3788129659016927,0.12838156178792318
50000,91,0.003,1e-06,40.0,586.0,0.09328998704326545,0.3788129659016927,0.12838156178792318
50000,91,0.003,3e-06,40.0,586.0,0.09328998704326545,0.3788129659016927,0.12838156178792318
50000,91,0.003,1e-05,40.0,586.0,0.09312189429830837,0.37881337076822913,0.1288332015991211
50000,91,0.003,3e-05,40.0,586.0,0.09344618378816827,0.37881261393229165,0.12796190897623697
50000,91,0.003,0.0001,40.0,586.0,0.09365398190828449,0.3788148335774739,0.12740630696614583
50000,91,0.003,0.0003,40.0,586.0,0.0935954068263259,0.37881933390299477,0.12756804860432944
50000,91,0.003,0.001,40.0,586.0,0.09352772382491824,0.3788237365722656,0.12775414225260417
50000,91,0.003,0.003,40.0,586.0,0.09333451239684912,0.3788415466308594,0.12829061686197915
50000,91,0.003,0.01,40.0,586.0,0.09365790757882883,0.3789363444010417,0.1275172795613607
50000,91,0.003,0.03,40.0,586.0,0.09376536738634286,0.3792152689615886,0.12750773468017576
50000,128,0.003,0.0,40.0,586.0,0.08604630466470271,0.3509736490885416,0.119987478129069
50000,128,0.003,1e-06,40.0,586.0,0.08604630466470271,0.3509736490885416,0.119987478129069
50000,128,0.003,3e-06,40.0,586.0,0.08604630466470271,0.3509736490885416,0.119987478129069
50000,128,0.003,1e-05,40.0,586.0,0.08625238370528578,0.35097388102213545,0.11943450317382813
50000,128,0.003,3e-05,40.0,586.0,0.08618428159179528,0.3509739542643229,0.11961739247639973
50000,128,0.003,0.0001,40.0,586.0,0.08620205463460948,0.3509745483398437,0.11957027587890624
50000,128,0.003,0.0003,40.0,586.0,0.08632653869156008,0.3509768880208333,0.11923844553629558
50000,128,0.003,0.001,40.0,586.0,0.08702132042055484,0.35097998046875006,0.11737643788655598
50000,128,0.003,0.003,40.0,586.0,0.08667586273896027,0.3510005025227865,0.11832432047526042
50000,128,0.003,0.01,40.0,586.0,0.08675253789241975,0.35105514322916664,0.11817313130696615
50000,128,0.003,0.03,40.0,586.0,0.08640457539087272,0.35120878499348956,0.11926085764567058
50000,181,0.003,0.0,40.0,586.0,0.07513341802100358,0.3159057637532552,0.11421458587646484
50000,181,0.003,1e-06,40.0,586.0,0.07513341802100358,0.3159057637532552,0.11421458587646484
50000,181,0.003,3e-06,40.0,586.0,0.07513341802100358,0.3159057637532552,0.11421458587646484
50000,181,0.003,1e-05,40.0,586.0,0.0752688668230866,0.31590587768554684,0.11385109558105468
50000,181,0.003,3e-05,40.0,586.0,0.07538527634092257,0.3159076171875,0.11354034067789713
50000,181,0.003,0.0001,40.0,586.0,0.0754761251374506,0.31590640869140624,0.11329525400797526
50000,181,0.003,0.0003,40.0,586.0,0.07598435822155541,0.3159076009114583,0.11193212483723958
50000,181,0.003,0.001,40.0,586.0,0.07601812194399975,0.31591287231445314,0.11184675954182943
50000,181,0.003,0.003,40.0,586.0,0.07584512357927038,0.31592071533203125,0.11231900634765625
50000,181,0.003,0.01,40.0,586.0,0.07563702116710846,0.31593504638671877,0.11289197591145833
50000,181,0.003,0.03,40.0,586.0,0.07580682541271837,0.3160232991536458,0.11252439931233725
50000,256,0.003,0.0,40.0,586.0,0.06652733849155942,0.30228243815104167,0.12369376729329427
50000,256,0.003,1e-06,40.0,586.0,0.06652733849155942,0.30228243815104167,0.12369376729329427
50000,256,0.003,3e-06,40.0,586.0,0.06652733849155942,0.30228243815104167,0.12369376729329427
50000,256,0.003,1e-05,40.0,586.0,0.06654266204024761,0.302282421875,0.1236526158650716
50000,256,0.003,3e-05,40.0,586.0,0.06642043914224656,0.3022824198404948,0.12398071390787761
50000,256,0.003,0.0001,40.0,586.0,0.0672601057582921,0.30228236694335936,0.12172662607828777
50000,256,0.003,0.0003,40.0,586.0,0.06710035489745367,0.3022804911295573,0.12215359191894531
50000,256,0.003,0.001,40.0,586.0,0.0664746612942817,0.30227935384114585,0.12383209177652994
50000,256,0.003,0.003,40.0,586.0,0.06775011371937044,0.30227959594726567,0.12040845794677735
50000,256,0.003,0.01,40.0,586.0,0.06764201217016357,0.30226779581705726,0.12068684997558594
50000,256,0.003,0.03,40.0,586.0,0.0669686146309932,0.3022316101074219,0.12245835978190105
